"ID","ProductName","CurrentCategories","CategoryCount","SuggestedPrimary","SuggestedKeep","RemoveThese","Action","NeedsFix"
"18657","20Ft X 8Ft Open Side Bunded Open Mesh Floor Store","20ft Containers","1","20ft Containers","20ft Containers","","OK - size category","NO"
"18658","20Ft X 8Ft Raised Bunded Store","20ft Containers","1","20ft Containers","20ft Containers","","OK - size category","NO"
"18659","20Ft X 8Ft Tunnel Container (Double End Door) One Trip","20ft Containers","1","20ft Containers","20ft Containers","","OK - size category","NO"
"18660","20Ft X 8Ft Used Cargo-Worthy Dry Van","Used Shipping Containers","1","Used Shipping Containers","Used Shipping Containers","","Pick one used-type category","NO"
"18661","20Ft X 8Ft Used Flat Rack Shipping Containers","Used Shipping Containers","1","Used Shipping Containers","Used Shipping Containers","","Pick one used-type category","NO"
"18662","20Ft X 8Ft Used Shipping Container Open Top","20ft Containers","1","20ft Containers","20ft Containers","","OK - size category","NO"
"18663","30Ft x 8Ft shipping container bulk","30ft Containers","1","30ft Containers","30ft Containers","","OK - size category","NO"
"18664","30Ft X 8Ft Shipping Container One Trip – Cut Down","30ft Containers","1","30ft Containers","30ft Containers","","OK - size category","NO"
"18665","30Ft X 8Ft Used Shipping Container Bulk","Used Shipping Containers","1","Used Shipping Containers","Used Shipping Containers","","Pick one used-type category","NO"
"18666","3M X 4.2M Side Linked Flat Pack Container Bundle (Galvanised)","Flat Pack Containers","1","Flat Pack Units","Flat Pack Units | Flat Pack Containers","","Merge flat pack group","NO"
"18667","3M X 4.2M Side Linked Flat Pack Container Bundle (Powder Coated)","Flat Pack Containers","1","Flat Pack Units","Flat Pack Units | Flat Pack Containers","","Merge flat pack group","NO"
"18668","Used 40Ft Cargo Worthy Shipping Containers","Used Shipping Containers","1","Used Shipping Containers","Used Shipping Containers","","Pick one used-type category","NO"
"18669","40Ft Full Side Access Container High Cube (9′ 6″ High)","40ft Containers","1","40ft Containers","40ft Containers","","OK - size category","NO"
"18670","40Ft High Cube Container – One Trip (9Ft 6″ High)","High Cube Containers","1","40ft Containers","40ft Containers","High Cube Containers","OK - size category","YES"
"18671","40Ft X 8Ft Used Storage Container – Standard","40ft Containers","1","40ft Containers","40ft Containers","","OK - size category","NO"
"18672","40Ft Used Shipping Container","Used Shipping Containers","1","Used Shipping Containers","Used Shipping Containers","","Pick one used-type category","NO"
"18673","40Ft X 8Ft New And Used Container Flat Racks","40ft Containers","1","40ft Containers","40ft Containers","","OK - size category","NO"
"18674","40Ft X 8Ft New And Used Shipping Container Open Top","40ft Containers","1","40ft Containers","40ft Containers","","OK - size category","NO"
"18675","40Ft X 8Ft One Trip Tunnel Container Double End Door","Tunnel Containers","1","40ft Containers","40ft Containers","Tunnel Containers","OK - size category","YES"
"18676","40Ft X 8Ft Raised Bunded Store","40ft Containers","1","40ft Containers","40ft Containers","","OK - size category","NO"
"18677","40Ft X 8Ft Used Cargo-Worthy Dry Van","Used Shipping Containers","1","Used Shipping Containers","Used Shipping Containers","","Pick one used-type category","NO"
"18678","40Ft X 8Ft Used Shipping Container – Standard","Used Shipping Containers","1","Used Shipping Containers","Used Shipping Containers","","Pick one used-type category","NO"
"18679","40Ft X 8Ft Used Flat Rack Shipping Container","Used Shipping Containers","1","Used Shipping Containers","Used Shipping Containers","","Pick one used-type category","NO"
"18680","40Ft X 8Ft Used Shipping Container High Cube","Used Shipping Containers","1","Used Shipping Containers","Used Shipping Containers","","Pick one used-type category","NO"
"18681","4M X 2.1M Flat Pack Container Store – Galvanised","Flat Pack Containers","1","Flat Pack Units","Flat Pack Units | Flat Pack Containers","","Merge flat pack group","NO"
"18682","4M X 4.2M Side Linked Flat Pack Container Bundle (Galvanised)","Flat Pack Containers","1","Flat Pack Units","Flat Pack Units | Flat Pack Containers","","Merge flat pack group","NO"
"18683","4M X 4.2M Side Linked Flat Pack Container Bundle (Powder Coated)","Flat Pack Containers","1","Flat Pack Units","Flat Pack Units | Flat Pack Containers","","Merge flat pack group","NO"
"18684","6M X 2.1M End Linked Flat Packed Container Bundle (Galvanised)","Flat Pack Containers","1","Flat Pack Units","Flat Pack Units | Flat Pack Containers","","Merge flat pack group","NO"
"18685","6M X 2.1M End Linked Flat Packed Container Bundle (Powder Coated)","Flat Pack Containers","1","Flat Pack Units","Flat Pack Units | Flat Pack Containers","","Merge flat pack group","NO"
"18686","8Ft X 8Ft Flat Floor Bunded Store","8ft x 10ft Containers","1","10Ft Containers","10Ft Containers","8ft x 10ft Containers","OK - size category","YES"
"18687","8Ft X 8Ft Raised Bunded Store","8ft x 10ft Containers","1","10Ft Containers","10Ft Containers","8ft x 10ft Containers","OK - size category","YES"
"18688","8M X 2.1M End Linked Flat Packed Container Bundle (Powder Coated)","Flat Pack Containers","1","Flat Pack Units","Flat Pack Units | Flat Pack Containers","","Merge flat pack group","NO"
"18689","Adjustable, Heavy Duty Three Tier Container Racking (Single Bay)","Container Accessories","1","Container Accessories","Container Accessories | Parts & Accessories","","Merge Parts + Parts & Accessories","NO"
"18690","Adjustable, Heavy Duty Three Tier Racking For Rear Of Container","Container Accessories","1","Container Accessories","Container Accessories | Parts & Accessories","","Merge Parts + Parts & Accessories","NO"
"18691","Adjustable, Heavy Duty Two Tier Container Racking (Single Bay)","Container Accessories","1","Container Accessories","Container Accessories | Parts & Accessories","","Merge Parts + Parts & Accessories","NO"
"18692","Adjustable, Heavy Duty Two Tier Racking For Rear Of Container","Container Accessories","1","Container Accessories","Container Accessories | Parts & Accessories","","Merge Parts + Parts & Accessories","NO"
"18693","Used 10Ft Cut Down Container","Used Shipping Containers","1","Used Shipping Containers","Used Shipping Containers","","Pick one used-type category","NO"
"18694","40Ft High Cube Container – One Trip (9Ft 6″ High)","40ft Containers","1","40ft Containers","40ft Containers","","OK - size category","NO"
"18695","8Ft One Trip Shipping Container (Green)","8ft x 10ft Containers","1","10Ft Containers","10Ft Containers","8ft x 10ft Containers","OK - size category","YES"
"18696","8Ft Shipping Container One Trip (Blue)","8ft x 10ft Containers","1","10Ft Containers","10Ft Containers","8ft x 10ft Containers","OK - size category","YES"
"18697","Refrigerated Storage Containers – Reefers","Refrigerated Containers","1","Refrigerated Containers","Refrigerated Containers","","Merge refrigerated duplicates","NO"
"18698","Container Door Stay","Container Accessories","1","Container Accessories","Container Accessories | Parts & Accessories","","Merge Parts + Parts & Accessories","NO"
"18699","Container Home Office","Top Brand","1","Top Brand","Top Brand","","Review","NO"
"18700","Container Solar Floodlight","Container Accessories","1","Container Accessories","Container Accessories | Parts & Accessories","","Merge Parts + Parts & Accessories","NO"
"18701","Dry Stick","Container Accessories","1","Container Accessories","Container Accessories | Parts & Accessories","","Merge Parts + Parts & Accessories","NO"
"18702","Fastfit Three Tier Racking (2 Bays)","Container Accessories","1","Container Accessories","Container Accessories | Parts & Accessories","","Merge Parts + Parts & Accessories","NO"
"18703","Fastfit Three Tier Racking (Single Bay)","Container Accessories","1","Container Accessories","Container Accessories | Parts & Accessories","","Merge Parts + Parts & Accessories","NO"
"18704","3M X 2.1M Flat Pack Storage Container – Galvanised","Flat Pack Containers","1","Flat Pack Units","Flat Pack Units | Flat Pack Containers","","Merge flat pack group","NO"
"18705","4M Flat Pack Kiosk","Flat Pack Containers","1","Flat Pack Units","Flat Pack Units | Flat Pack Containers","","Merge flat pack group","NO"
"18706","3M X 2.1M Flat Pack Storage Container","Flat Pack Containers","1","Flat Pack Units","Flat Pack Units | Flat Pack Containers","","Merge flat pack group","NO"
"18707","Grade A Standard 20Ft Shipping Container","Used Shipping Containers","1","Used Shipping Containers","Used Shipping Containers","","Pick one used-type category","NO"
"18708","Magnetic Light With Pir Sensor","Container Accessories","1","Container Accessories","Container Accessories | Parts & Accessories","","Merge Parts + Parts & Accessories","NO"
"18709","Shipping Container Cafe – Container Restaurants","20ft Containers","1","20ft Containers","20ft Containers","","OK - size category","NO"
"18710","Shipping Container Padlock","Accessories Container Accessories","1","Container Accessories","Container Accessories | Parts & Accessories","Accessories Container Accessories","Merge Parts + Parts & Accessories","YES"
"18711","Twist Locks (Set of 4)","Accessories Container Accessories","1","Container Accessories","Container Accessories | Parts & Accessories","Accessories Container Accessories","Merge Parts + Parts & Accessories","YES"
"18712","Used 20Ft High Cube Container – Grade A","Used Shipping Containers","1","Used Shipping Containers","Used Shipping Containers","","Pick one used-type category","NO"
"18713","Used 20Ft Open Side / Full Side Access Container","Used Shipping Containers","1","Used Shipping Containers","Used Shipping Containers","","Pick one used-type category","NO"
"18714","32Ft ECOlink Drying Room Cabin","Cabins for Sale | Steel Cabins for Sale","2","Cabins for Sale","Cabins for Sale","Steel Cabins for Sale","OK","YES"
"18715","32Ft ECOlink Meeting Room Cabin","Cabins for Sale | Steel Cabins for Sale","2","Cabins for Sale","Cabins for Sale","Steel Cabins for Sale","OK","YES"
"18716","32Ft x 10Ft Jackleg Plastisol Office Cabin","Cabins for Sale | Jackleg Cabins for Sale","2","Jackleg Cabins for Sale","Jackleg Cabins for Sale","Cabins for Sale","OK","YES"
"18717","Site Office 4 Drawer Metal Filing Cabinet","Cabin Accessories & Furniture","1","Cabin Accessories & Furniture","Cabin Accessories & Furniture","","Keep accessory type","NO"
"18718","4.3m X 2.3m Flat Packed Office Cabin","Cabins for Sale | Flat Pack Units","2","Flat Pack Cabins for Sale","Flat Pack Units | Flat Pack Containers | Flat Pack Cabins for Sale Flat Pack Units","Cabins for Sale","Merge flat pack group","YES"
"18719","4+1 Steel Toilet Cabin 20Ft x 9Ft","Cabins for Sale | Toilet & Shower Blocks for Sale","2","Cabins for Sale","Cabins for Sale","Toilet & Shower Blocks for Sale","OK","YES"
"18720","40Ft x 10Ft Jackleg Office Cabin","Cabins for Sale | Jackleg Cabins for Sale","2","Jackleg Cabins for Sale","Jackleg Cabins for Sale","Cabins for Sale","OK","YES"
"18721","48Ft x 10Ft Jackleg Office Cabin","Cabins for Sale | Jackleg Cabins for Sale","2","Jackleg Cabins for Sale","Jackleg Cabins for Sale","Cabins for Sale","OK","YES"
"18722","4m x 2.1m Flat Pack Container Store – Galvanised","Cabins for Sale | Containers for Sale Flat Pack Cabins for Sale Flat Pack Containers Flat Pack Units","2","Flat Pack Units","Flat Pack Units","Cabins for Sale | Containers for Sale Flat Pack Cabins for Sale Flat Pack Containers Flat Pack Units","FIX: remove bad merged category","YES"
"18723","4m x 2.1m Powder Coated Flat Packed Store","Cabins for Sale | Containers for Sale","2","Cabins for Sale","Cabins for Sale","Containers for Sale","OK","YES"
"18724","5+1 Steel Toilet Cabin 24Ft x 9Ft","Cabins for Sale | Toilet & Shower Blocks for Sale","2","Cabins for Sale","Cabins for Sale","Toilet & Shower Blocks for Sale","OK","YES"
"18725","6+1 Steel Toilet Cabin","Cabins for Sale | Toilet & Shower Blocks for Sale","2","Cabins for Sale","Cabins for Sale","Toilet & Shower Blocks for Sale","OK","YES"
"18726","8Ft x 5Ft Mains Toilet/Shower","Cabins for Sale | Toilet & Shower Blocks for Sale","2","Cabins for Sale","Cabins for Sale","Toilet & Shower Blocks for Sale","OK","YES"
"18727","Site Office / Meeting Room Conference Table","Cabin Accessories & Furniture","1","Container Accessories","Container Accessories | Parts & Accessories","Cabin Accessories & Furniture","Merge Parts + Parts & Accessories","YES"
"18728","Double Turnstile Unit","Cabins for Sale | Site Security & Safety","2","Cabins for Sale","Cabins for Sale","Site Security & Safety","OK","YES"
"18729","Site Office Cabin Manager Chair","Cabin Accessories & Furniture","1","Cabin Accessories & Furniture","Cabin Accessories & Furniture","","Keep accessory type","NO"
"18730","Site Cabin Microwave","Cabin Accessories & Furniture","1","Cabin Accessories & Furniture","Cabin Accessories & Furniture","","Keep accessory type","NO"
"18731","Refurbished (3 Bay) Modular Building","Cabins for Sale | Modular Buildings","2","Cabins for Sale","Cabins for Sale","Modular Buildings","OK","YES"
"18732","6.5m Flat Pack Office Linking Kit","Cabin Accessories & Furniture","1","Container Accessories","Container Accessories | Parts & Accessories","Cabin Accessories & Furniture","Merge Parts + Parts & Accessories","YES"
"18733","Site Office Single Pedestal Desk (1500m)","Cabin Accessories & Furniture","1","Container Accessories","Container Accessories | Parts & Accessories","Cabin Accessories & Furniture","Merge Parts + Parts & Accessories","YES"
"18734","Single Turnstile Unit","Cabins for Sale | Site Security & Safety","2","Cabins for Sale","Cabins for Sale","Site Security & Safety","OK","YES"
"18735","Site Towable Water Bowser","Cabins for Sale | Toilet & Shower Blocks for Sale","2","Cabins for Sale","Cabins for Sale","Toilet & Shower Blocks for Sale","OK","YES"
"18736","Skin Protection Centre Small 3 Step","Cabin Accessories & Furniture","1","Container Accessories","Container Accessories | Parts & Accessories","Cabin Accessories & Furniture","Merge Parts + Parts & Accessories","YES"
"18737","Battery Operated Smoke Alarm","Cabin Accessories & Furniture","1","Container Accessories","Container Accessories | Parts & Accessories","Cabin Accessories & Furniture","Merge Parts + Parts & Accessories","YES"
"18738","Steel Staircase With Landing & Handrails","Cabin Accessories & Furniture","1","Container Accessories","Container Accessories | Parts & Accessories","Cabin Accessories & Furniture","Merge Parts + Parts & Accessories","YES"
"18739","Site Office / Meeting Room Table (1500mm)","Cabin Accessories & Furniture","1","Container Accessories","Container Accessories | Parts & Accessories","Cabin Accessories & Furniture","Merge Parts + Parts & Accessories","YES"
"18740","Jackleg Cabin Vertical Window Blind","Cabin Accessories & Furniture","1","Cabin Accessories & Furniture","Cabin Accessories & Furniture","","Keep accessory type","NO"
"18741","Double Mains Toilet Waste Tank","Cabins for Sale | Toilet & Shower Blocks for Sale","2","Cabins for Sale","Cabins for Sale","Toilet & Shower Blocks for Sale","OK","YES"
"18742","Single Mains Toilet Waste Tank","Cabins for Sale | Toilet & Shower Blocks for Sale","2","Cabins for Sale","Cabins for Sale","Toilet & Shower Blocks for Sale","OK","YES"
"18743","Site Office Wooden Bookcase (1200mm)","Cabin Accessories & Furniture","1","Container Accessories","Container Accessories | Parts & Accessories","Cabin Accessories & Furniture","Merge Parts + Parts & Accessories","YES"
"18744","24ft x 10ft Jackleg Cabin (Site Cabin)","Cabins for Sale | Jackleg Cabins for Sale","2","Jackleg Cabins for Sale","Jackleg Cabins for Sale","Cabins for Sale","OK","YES"
"18745","6.5M X 4.6M Side Linked Flat Pack Container Office","Cabins for Sale","1","Container Home Office","Container Home Office | Shipping Container Offices","Cabins for Sale","Review cabin vs office","YES"
"18746","Gas Cylinder Storage","Modified Containers","1","Modified Shipping Containers","Modified Shipping Containers","Modified Containers","Merge Modified Containers","YES"
"18747","Explosive Magazines","Modified Containers","1","Modified Shipping Containers","Modified Shipping Containers","Modified Containers","Merge Modified Containers","YES"
"18748","Change Rooms","Modified Containers","1","Modified Shipping Containers","Modified Shipping Containers","Modified Containers","Merge Modified Containers","YES"
"18749","Workshops","Modified Containers","1","Modified Shipping Containers","Modified Shipping Containers","Modified Containers","Merge Modified Containers","YES"
"18750","First Aid Rooms","Modified Containers","1","Modified Shipping Containers","Modified Shipping Containers","Modified Containers","Merge Modified Containers","YES"
"18751","Ablution Blocks","Cabins for Sale | Toilet & Shower Blocks for Sale","2","Cabins for Sale","Cabins for Sale","Toilet & Shower Blocks for Sale","OK","YES"
"18752","Switch Rooms","Modified Containers","1","Modified Shipping Containers","Modified Shipping Containers","Modified Containers","Merge Modified Containers","YES"
"18753","Trade Show Displays","Modified Containers","1","Modified Shipping Containers","Modified Shipping Containers","Modified Containers","Merge Modified Containers","YES"
"18754","Mobile Confined Space Training Container","Modified Containers","1","Modified Shipping Containers","Modified Shipping Containers","Modified Containers","Merge Modified Containers","YES"
"18755","Container Shelters","Specialized Containers","1","Specialized Containers","Specialized Containers","","Review","NO"
"18756","Shipping Container Cafes","Modified Containers","1","Modified Shipping Containers","Modified Shipping Containers","Modified Containers","Merge Modified Containers","YES"
"18757","Site Offices","Modified Containers","1","Modified Shipping Containers","Modified Shipping Containers","Modified Containers","Merge Modified Containers","YES"
"18758","Accommodation Containers","Modified Containers","1","Modified Shipping Containers","Modified Shipping Containers","Modified Containers","Merge Modified Containers","YES"
"18759","Lunchroom Containers","Modified Containers","1","Modified Shipping Containers","Modified Shipping Containers","Modified Containers","Merge Modified Containers","YES"
"18760","Open Top Containers","Specialized Containers","1","Specialized Containers","Specialized Containers","","Review","NO"
"18761","Insulated Containers","Specialized Containers","1","Specialized Containers","Specialized Containers","","Review","NO"
"18762","Open Top Half Height Shipping Containers","Specialized Containers","1","Specialized Containers","Specialized Containers","","Review","NO"
"18763","Shipping Container Kitchens","Modified Containers","1","Modified Shipping Containers","Modified Shipping Containers","Modified Containers","Merge Modified Containers","YES"
"18764","Portable Buildings","Modified Containers","1","Modified Shipping Containers","Modified Shipping Containers","Modified Containers","Merge Modified Containers","YES"
"18765","1600m Site Office Right Hand Curved Desk","Cabin Accessories & Furniture","1","Container Accessories","Container Accessories | Parts & Accessories","Cabin Accessories & Furniture","Merge Parts + Parts & Accessories","YES"
"18766","10Ft X 8Ft Shipping Container (One Trip) – White","8ft x 10ft Containers","1","10Ft Containers","10Ft Containers","8ft x 10ft Containers","OK - size category","YES"
"18767","2.3m, 3.3m, 4.3m Flat Pack Office Linking Kit (Green)","Cabin Accessories & Furniture","1","Container Accessories","Container Accessories | Parts & Accessories","Cabin Accessories & Furniture","Merge Parts + Parts & Accessories","YES"
"18768","20 FT Refrigerated Containers","Specialized Containers","1","Specialized Containers","Specialized Containers","","Review","NO"
"18769","20Ft HI Cube Container(9′ 6″ High) Suitable For IBC Storage","20ft Containers","1","20ft Containers","20ft Containers","","OK - size category","NO"
"18770","20Ft High Cube Container – One Trip (9FT 6′ High)","High Cube Containers","1","20ft Containers","20ft Containers","High Cube Containers","OK - size category","YES"
"18771","20Ft Open Side/ Full Side Access Container","20ft Containers","1","20ft Containers","20ft Containers","","OK - size category","NO"
"18772","20Ft Shipping Container (One Trip) – Blue","20ft Containers","1","20ft Containers","20ft Containers","","OK - size category","NO"
"18773","20Ft Shipping Container (One Trip) – Dark Green","20ft Containers","1","20ft Containers","20ft Containers","","OK - size category","NO"
"18774","20Ft Shipping Container (One Trip) – White","20ft Containers","1","20ft Containers","20ft Containers","","OK - size category","NO"
"18775","20Ft Used Shipping Container – Wind & Watertight","Used Shipping Containers","1","Used Shipping Containers","Used Shipping Containers","","Pick one used-type category","NO"
"18776","20Ft X 8Ft Flat Floor Bunded Store – Portable Space","20ft Containers","1","20ft Containers","20ft Containers","","OK - size category","NO"
"18777","20Ft X 8Ft Open Mesh Floor Bunded Store","20ft Containers","1","20ft Containers","20ft Containers","","OK - size category","NO"
"18778","20FT Blast Freezer Container-40°F TO 70°F (460V/230V 3P)","Refrigerated Containers for sale | Up to -40° F Refrigerated Containers","2","Refrigerated Containers","Refrigerated Containers","Refrigerated Containers for sale | Up to -40° F Refrigerated Containers","Merge refrigerated duplicates","YES"
"18779","Container Ramp","Container Accessories","1","Container Accessories","Container Accessories | Parts & Accessories","","Merge Parts + Parts & Accessories","NO"
"18780","Cabin Linkway","Cabin Accessories & Furniture","1","Cabin Accessories & Furniture","Cabin Accessories & Furniture","","Keep accessory type","NO"
"18781","20ft. Mobile Office/Cabin","New Containers","1","1-Trip Shipping Containers","1-Trip Shipping Containers | New Containers","","Merge new/1-trip","NO"
"18782","16Ft Storage Container With Roll-Up Door","New Containers","1","1-Trip Shipping Containers","1-Trip Shipping Containers | New Containers","","Merge new/1-trip","NO"
"18783","16Ft x 10Ft Site Office / Jackleg Cabin","New Containers","1","1-Trip Shipping Containers","1-Trip Shipping Containers | New Containers","","Merge new/1-trip","NO"
"18784","20ft High Cube Fixed Glazing Observation Container","New Containers","1","1-Trip Shipping Containers","1-Trip Shipping Containers | New Containers","","Merge new/1-trip","NO"
"18785","Shipping Container Cafe – Container Restaurants","New Containers","1","1-Trip Shipping Containers","1-Trip Shipping Containers | New Containers","","Merge new/1-trip","NO"
"18786","30ft ModiBox Office","New Containers","1","1-Trip Shipping Containers","1-Trip Shipping Containers | New Containers","","Merge new/1-trip","NO"
"18787","Wood-Effect Flat Packed Storage Container 2M X 2.1M","New Containers","1","1-Trip Shipping Containers","1-Trip Shipping Containers | New Containers","","Merge new/1-trip","NO"
"18788","Flat Pack Metal Garden Store","New Containers","1","1-Trip Shipping Containers","1-Trip Shipping Containers | New Containers","","Merge new/1-trip","NO"
"18789","45Ft Hc Used Shipping Container High Cube Wind And Watertight-Cargo Worthy","45Ft Containers","1","45Ft Containers","45Ft Containers","","OK - size category","NO"
"18790","45FT High Cube Shipping Container","Cabins for Sale | Containers for Sale","2","Cabins for Sale","Cabins for Sale","Containers for Sale","OK","YES"
"18791","Cube Shipping Carbon Steel Container","Carbon Steel Container","1","Carbon Steel Container","Carbon Steel Container","","Review","NO"
"18792","20ft Dry Intermediate Bulk Storage Top Loading Shipping Container","Cabins for Sale | Containers for Sale","2","Cabins for Sale","Cabins for Sale","Containers for Sale","OK","YES"
"18793","20ft Bulk Storage ISO Type Dry Cargo Shipping Container","Cabins for Sale | Containers for Sale","2","Cabins for Sale","Cabins for Sale","Containers for Sale","OK","YES"
"18794","40 Ft Hc Used Shipping Containers High Cube Wind And Watertight Ipswich","40ft Containers","1","40ft Containers","40ft Containers","","OK - size category","NO"
"18795","16Ft Storage Container With Roll-Up Door","16ft Storage Containers | Storage Containers for Sale","2","16ft Storage Containers","16ft Storage Containers","Storage Containers for Sale","OK - size category","YES"
"18796","Pink 20 Ft Container Pool","Shipping Container Pool","1","Shipping Container Pool","Shipping Container Pool","","OK","NO"
"18797","20 Ft Container Pool","Shipping Container Pool","1","Shipping Container Pool","Shipping Container Pool","","OK","NO"
"18798","20 Ft Container Pool","Shipping Container Pool","1","Shipping Container Pool","Shipping Container Pool","","OK","NO"
"18799","30 Ft Container Pool","Shipping Container Pool","1","Shipping Container Pool","Shipping Container Pool","","OK","NO"
"18800","40 Ft Container Pool","Shipping Container Pool","1","Shipping Container Pool","Shipping Container Pool","","OK","NO"
"18801","30 Ft Container Pool","Shipping Container Pool","1","Shipping Container Pool","Shipping Container Pool","","OK","NO"
"18802","40 Ft Container Pool","Shipping Container Pool","1","Shipping Container Pool","Shipping Container Pool","","OK","NO"
"18803","40 Ft Container Pool","Shipping Container Pool","1","Shipping Container Pool","Shipping Container Pool","","OK","NO"
"18804","1+1 Double Mains Toilet 8Ft x 5Ft (Green)","Cabins for Sale | Toilet & Shower Blocks for Sale","2","Cabins for Sale","Cabins for Sale","Toilet & Shower Blocks for Sale","OK","YES"
"18805","(3 Bay) Anti-Vandal Modular Building","Cabins for Sale","1","Cabins for Sale","Cabins for Sale","","OK","NO"
"18806","(3 Bay) Compliant Modular Building","Cabins for Sale","1","Cabins for Sale","Cabins for Sale","","OK","NO"
"18807","(6 Bay) Euro Modular Building","Cabins for Sale","1","Cabins for Sale","Cabins for Sale","","OK","NO"
"18808","(6.5m x 2.3m) Large Flat Pack Office","Cabins for Sale | Flat Pack Cabins for Sale Flat Pack Units","2","Flat Pack Cabins for Sale","Flat Pack Units | Flat Pack Containers | Flat Pack Cabins for Sale Flat Pack Units","Cabins for Sale","Merge flat pack group","YES"
"18809","(3.3m) Flat Pack Office Linking Kit","Cabin Accessories & Furniture","1","Container Accessories","Container Accessories | Parts & Accessories","Cabin Accessories & Furniture","Merge Parts + Parts & Accessories","YES"
"18810","(4.3m) Flat Pack Office Linking Kit","Cabin Accessories & Furniture","1","Container Accessories","Container Accessories | Parts & Accessories","Cabin Accessories & Furniture","Merge Parts + Parts & Accessories","YES"
"18811","1-Trip 12Ft Standard Modified","New Containers","1","1-Trip Shipping Containers","1-Trip Shipping Containers | New Containers","","Merge new/1-trip","NO"
"18812","1-Trip 20Ft Standard Ral1015","New Containers","1","1-Trip Shipping Containers","1-Trip Shipping Containers | New Containers","","Merge new/1-trip","NO"
"18813","10ft Accommodation Container","New Containers","1","1-Trip Shipping Containers","1-Trip Shipping Containers | New Containers","","Merge new/1-trip","NO"
"18814","10Ft X 8Ft Open Mesh Floor Bunded Store","8ft x 10ft Containers","1","10Ft Containers","10Ft Containers","8ft x 10ft Containers","OK - size category","YES"
"18815","10Ft X 8Ft Raised Bunded Store","8ft x 10ft Containers","1","10Ft Containers","10Ft Containers","8ft x 10ft Containers","OK - size category","YES"
"18816","10Ft X 8Ft Shipping Container (One Trip) – Green","8ft x 10ft Containers","1","10Ft Containers","10Ft Containers","8ft x 10ft Containers","OK - size category","YES"
"18817","10ft ModiBox Office","New Containers","1","1-Trip Shipping Containers","1-Trip Shipping Containers | New Containers","","Merge new/1-trip","NO"
"18818","10ft Observation / Full Glass Unit","New Containers","1","1-Trip Shipping Containers","1-Trip Shipping Containers | New Containers","","Merge new/1-trip","NO"
"18819","10ft Bar Container","New Containers","1","1-Trip Shipping Containers","1-Trip Shipping Containers | New Containers","","Merge new/1-trip","NO"
"18820","10ft DNV 2.7-1 Half Height Open Top Containers","New Containers","1","1-Trip Shipping Containers","1-Trip Shipping Containers | New Containers","","Merge new/1-trip","NO"
"18821","10Ft X 8Ft Flat Floor Bunded Store","8ft x 10ft Containers","1","10Ft Containers","10Ft Containers","8ft x 10ft Containers","OK - size category","YES"
"18822","10Ft X 8Ft Shipping Container (One trip) – Blue","8ft x 10ft Containers","1","10Ft Containers","10Ft Containers","8ft x 10ft Containers","OK - size category","YES"
"18823","Grey New build 20ft Shipping Container","Cabins for Sale | Containers for Sale","2","Cabins for Sale","Cabins for Sale","Containers for Sale","OK","YES"
"18824","40ft Shipping Container With 4 Side Doors","40ft Containers","1","40ft Containers","40ft Containers","","OK - size category","NO"
"18825","Used 40ft Shipping Container","Cabins for Sale | Containers for Sale","2","Cabins for Sale","Cabins for Sale","Containers for Sale","OK","YES"
"18826","10Ft Customized Container Stylish Pop-Up Bar","10Ft Containers","1","10Ft Containers","10Ft Containers","","OK - size category","NO"
"18827","10 ft Pink Container with Roll‑Up Door","Storage Containers for Sale","1","Storage Containers for Sale","Storage Containers for Sale","","Review","NO"
"18828","Enhanced 20ft Standard Shipping Container – Grey Finish","20ft Containers","1","20ft Containers","20ft Containers","","OK - size category","NO"
"18829","10Ft Modified Workshop/Office Container","Modified Containers","1","Modified Shipping Containers","Modified Shipping Containers","Modified Containers","Merge Modified Containers","YES"
"18830","New 45‑ft High Cube Shipping Container – Bold Blue Finish","Storage Containers for Sale","1","High Cube Containers","High Cube Containers","Storage Containers for Sale","OK - size category","YES"
"18831","10Ft Cut Down Used Container","Used Shipping Containers","1","Used Shipping Containers","Used Shipping Containers","","Pick one used-type category","NO"
"18832","20ft 20’ Slate Gray Shiplap 120V Shipping Container Office Mini Split","20ft Containers","1","20ft Containers","20ft Containers","","OK - size category","NO"
"18833","20 foot office in refurbished shipping container","New Containers","1","1-Trip Shipping Containers","1-Trip Shipping Containers | New Containers","","Merge new/1-trip","NO"
"18834","Thermo King Refrigerator Container – 20′ 2021 Reefer","20ft Containers","1","20ft Containers","20ft Containers","","OK - size category","NO"
"18835","New 40ft HC Open Side Container with 4 Doors –One Trip – For Sale","40ft Containers","1","40ft Containers","40ft Containers","","OK - size category","NO"
"18836","Refrigerated 20′ Conex Shipping Container – Used","20ft Containers","1","20ft Containers","20ft Containers","","OK - size category","NO"
"18837","20ft dangerous goods shipping container","20ft Containers","1","20ft Containers","20ft Containers","","OK - size category","NO"
"18838","Used Storage Container (40ft)","Used Shipping Containers","1","Used Shipping Containers","Used Shipping Containers","","Pick one used-type category","NO"
"18839","40ft HC Reefer Container–Wind & Water Tight, Non-Working For Sale","40ft Containers","1","40ft Containers","40ft Containers","","OK - size category","NO"
"18840","40′ used HC Shipping Storage Container","Used Shipping Containers","1","Used Shipping Containers","Used Shipping Containers","","Pick one used-type category","NO"
"18841","20′ Used Steel Shipping Container Storage Container","Used Shipping Containers","1","Used Shipping Containers","Used Shipping Containers","","Pick one used-type category","NO"
"18842","Stoughton Shipping Container (40ft)","40ft Containers","1","40ft Containers","40ft Containers","","OK - size category","NO"
"18843","Used 40ft Refrigerated Shipping Container – With Custom Side Door Access","40ft Containers","1","40ft Containers","40ft Containers","","OK - size category","NO"
"18844","2009 40′ High Cube Refrigerated Storage Container – CCR18757","Refrigerated Containers for sale","1","Refrigerated Containers","Refrigerated Containers","Refrigerated Containers for sale","Merge refrigerated duplicates","YES"
"18845","10ft Shipping Container Concession Stand","Modified Containers","1","Modified Shipping Containers","Modified Shipping Containers","Modified Containers","Merge Modified Containers","YES"
"18846","20′ Shipping Container CCR18113","Used Shipping Containers","1","Used Shipping Containers","Used Shipping Containers","","Pick one used-type category","NO"
"18847","20′ Flat Rack Shipping Container – One Trip, For Equipment, Oversize Items","Cabins for Sale | Flat Pack Units","2","Flat Pack Units","Flat Pack Units | Flat Pack Containers","Cabins for Sale","Merge flat pack group","YES"
"18848","New 40ft HC OS Container – Full Side Opening -One Trip","40ft Containers","1","40ft Containers","40ft Containers","","OK - size category","NO"
"18849","New 14ft fully equipped food trailer Ready to Make - in stock","Uncategorized","1","(assign manually)","","Uncategorized","FIX: uncategorized","YES"
"18850","Daikin 40ft Refrigerated Shipping Container (Reefer)","Refrigerated Containers for sale | Up to -40° F Refrigerated Containers","2","Refrigerated Containers","Refrigerated Containers","Refrigerated Containers for sale | Up to -40° F Refrigerated Containers","Merge refrigerated duplicates","YES"
"18851","Maersk RAHC-031 Used 40ft Cold Storage Reefer Container – Model CCR18060","40ft Containers","1","40ft Containers","40ft Containers","","OK - size category","NO"
"18862","30Ft X 8Ft Used Shipping Container Bulk","30ft Containers","1","30ft Containers","30ft Containers","","OK - size category","NO"
"18870","45FT High Cube Shipping Container","45Ft Containers","1","45Ft Containers","45Ft Containers","","OK - size category","NO"
"18875","New 45‑ft High Cube Shipping Container – Bold Blue Finish","45Ft Containers","1","45Ft Containers","45Ft Containers","","OK - size category","NO"
"18951","20ft 20’ Slate Gray Shiplap 120V Shipping Container Office Mini Split","Container Home Office","1","Shipping Container Offices","Shipping Container Offices | Container Home Office","","Merge office categories","NO"
"18955","Container Home Office","Container Home Office","1","Shipping Container Offices","Shipping Container Offices | Container Home Office","","Merge office categories","NO"
"19009","20ft Customised Container Kiosk – Fully Converted & Ready to Use","20ft Containers","1","20ft Containers","20ft Containers","","OK - size category","NO"
"19013","Clean 20FT used office containers","20ft Containers","1","20ft Containers","20ft Containers","","OK - size category","NO"
"19023","45ft Used Shipping Containers – Heavy-Duty & Affordable","45Ft Containers","1","45Ft Containers","45Ft Containers","","OK - size category","NO"
"19031","New 20ft DNV Offshore-Rated Containers","20ft Containers","1","20ft Containers","20ft Containers","","OK - size category","NO"
"19038","Yellow 20ft Used Container – Dual Side Roll-Up Doors","","0","(assign manually)","","","FIX: uncategorized","YES"
"19045","20ft Used Shipping Container – Matte Black w/ 12’ Side Roll-Up Door","20ft Containers | Home | New Containers","3","1-Trip Shipping Containers","1-Trip Shipping Containers | New Containers","20ft Containers | Home","Merge new/1-trip","YES"
"19058","Yellow 20ft Used Container – Dual Side Roll-Up Doors","20ft Containers | Home","2","20ft Containers","20ft Containers","Home","OK - size category","YES"
"19067","40FT New Shipping Containers – Ready to Ship!","40ft Containers | Home","2","40ft Containers","40ft Containers","Home","OK - size category","YES"
"19076","NEW 20FT WORKSHOP CONTAINERS – Built for Durability & Performance","20ft Containers | Home","2","20ft Containers","20ft Containers","Home","OK - size category","YES"
"19089","45ft Used Shipping Containers – Heavy-Duty & Affordable","45Ft Containers | Home | Used Shipping Containers","3","Used Shipping Containers","Used Shipping Containers","45Ft Containers | Home","Pick one used-type category","YES"
"19100","USED REFRIGERATED CONTAINERS","40ft Containers | Home | Refrigerated Containers","3","Refrigerated Containers","Refrigerated Containers","40ft Containers | Home","Merge refrigerated duplicates","YES"
"19105","FLAT PACK OFFICES – Compact, Customizable & Ready to Work!","Cabins for Sale | Home | New Containers","3","Container Home Office","Container Home Office | Shipping Container Offices","Cabins for Sale | Home | New Containers","Review cabin vs office","YES"
"19344","Shipping Container Canopy Structure","Modified Shipping Containers | Shipping Container Canopy Structures","2","Modified Shipping Containers","Modified Shipping Containers","Shipping Container Canopy Structures","Merge Modified Containers","YES"
"19345","20-foot Open Side Shipping Container","1-Trip Shipping Containers","1","1-Trip Shipping Containers","1-Trip Shipping Containers | New Containers","","Merge new/1-trip","NO"
"19346","40-foot Open Side Shipping Container","1-Trip Shipping Containers","1","1-Trip Shipping Containers","1-Trip Shipping Containers | New Containers","","Merge new/1-trip","NO"
"19347","DIRECT SHIP 1-TRIP 10FT STANDARD RAL1015","1-Trip Shipping Containers","1","1-Trip Shipping Containers","1-Trip Shipping Containers | New Containers","","Merge new/1-trip","NO"
"19348","1-Trip 10-Foot Shipping Container – Custom Fabricated","1-Trip Shipping Containers","1","1-Trip Shipping Containers","1-Trip Shipping Containers | New Containers","","Merge new/1-trip","NO"
"19349","10-foot Shipping Container WorkshopGuard Shack","Modified Shipping Containers | Shipping Container Offices","2","Shipping Container Offices","Shipping Container Offices | Container Home Office","Modified Shipping Containers","Merge office categories","YES"
"19350","20-foot High Cube Shipping Container","1-Trip Shipping Containers","1","1-Trip Shipping Containers","1-Trip Shipping Containers | New Containers","","Merge new/1-trip","NO"
"19351","Grey 20-foot Shipping Container","1-Trip Shipping Containers","1","1-Trip Shipping Containers","1-Trip Shipping Containers | New Containers","","Merge new/1-trip","NO"
"19352","DIRECT SHIP 1-TRIP 20FT STANDARD DRK GREY RAL7015","1-Trip Shipping Containers","1","1-Trip Shipping Containers","1-Trip Shipping Containers | New Containers","","Merge new/1-trip","NO"
"19353","Grey 40-foot High Cube Shipping Container 1-Trip","1-Trip Shipping Containers","1","1-Trip Shipping Containers","1-Trip Shipping Containers | New Containers","","Merge new/1-trip","NO"
"19354","1-TRIP 40-foot Shipping Container Office and Storage Combo RAL 1015","1-Trip Shipping Containers | Modified Shipping Containers | Shipping Container Offices","3","Shipping Container Offices","Shipping Container Offices | Container Home Office","1-Trip Shipping Containers | Modified Shipping Containers","Merge office categories","YES"
"19355","1-Trip 40-foot Shipping Container Office and Storage Combo RAL 7015","1-Trip Shipping Containers | Modified Shipping Containers | Shipping Container Offices","3","Shipping Container Offices","Shipping Container Offices | Container Home Office","1-Trip Shipping Containers | Modified Shipping Containers","Merge office categories","YES"
"19356","1-Trip Shipping 40-foot with ManEntry Door RAL 1015","1-Trip Shipping Containers | Modified Shipping Containers","2","Modified Shipping Containers","Modified Shipping Containers","1-Trip Shipping Containers","Merge Modified Containers","YES"
"19357","1-Trip 40’ High Cube Modified Shipping Container – Roll-Up Door &amp; Entry Door","1-Trip Shipping Containers | Modified Shipping Containers","2","Modified Shipping Containers","Modified Shipping Containers","1-Trip Shipping Containers","Merge Modified Containers","YES"
"19358","20-foot Shipping Container Office with Bathroom","Modified Shipping Containers | Shipping Container Offices","2","Shipping Container Offices","Shipping Container Offices | Container Home Office","Modified Shipping Containers","Merge office categories","YES"
"19359","20-foot Scale House","Modified Shipping Containers | Shipping Container Offices","2","Shipping Container Offices","Shipping Container Offices | Container Home Office","Modified Shipping Containers","Merge office categories","YES"
"19360","20-foot Shipping Container Office 1-Trip","1-Trip Shipping Containers | Modified Shipping Containers | Shipping Container Offices","3","Shipping Container Offices","Shipping Container Offices | Container Home Office","1-Trip Shipping Containers | Modified Shipping Containers","Merge office categories","YES"
"19361","20-foot Shipping Container with Roll-Up Door and Electrical Package","Modified Shipping Containers","1","Modified Shipping Containers","Modified Shipping Containers","","Merge Modified Containers","NO"
"19362","DIRECT SHIP 1-TRIP 20FT STANDARD RAL1015","1-Trip Shipping Containers","1","1-Trip Shipping Containers","1-Trip Shipping Containers | New Containers","","Merge new/1-trip","NO"
"19363","30-foot Ground Level Office","Modified Shipping Containers | Shipping Container Offices","2","Shipping Container Offices","Shipping Container Offices | Container Home Office","Modified Shipping Containers","Merge office categories","YES"
"19364","40-foot Shipping Container Grow House 1-Trip","1-Trip Shipping Containers | Modified Shipping Containers | Shipping Container Homes & Cabins","3","Cabins for Sale","Cabins for Sale","1-Trip Shipping Containers | Modified Shipping Containers | Shipping Container Homes & Cabins","OK","YES"
"19365","40-foot Double Door Shipping Container, Beige RAL 1015","1-Trip Shipping Containers","1","1-Trip Shipping Containers","1-Trip Shipping Containers | New Containers","","Merge new/1-trip","NO"
"19366","USED 40FT HIGH CUBE ""BUDGET/CLEARANCE"" WIND &amp; WATER TIGHT","Wind & Watertight-Cargo Worthy","1","Wind & Watertight-Cargo Worthy","Wind & Watertight-Cargo Worthy","","Pick one used-type category","NO"
"19367","8 inch Whirly Bird with Corrugated Shipping Container Roof Base","Parts | Parts & Accessories","2","Container Accessories","Container Accessories | Parts & Accessories","Parts","Merge Parts + Parts & Accessories","YES"
"19368","Direct Ship Cheap Used 40-foot HC Shipping Containers","Wind & Watertight-Cargo Worthy","1","Wind & Watertight-Cargo Worthy","Wind & Watertight-Cargo Worthy","","Pick one used-type category","NO"
"19369","DIRECT SHIP 40FT HIGH CUBE DRK GREY RAL7015","1-Trip Shipping Containers","1","1-Trip Shipping Containers","1-Trip Shipping Containers | New Containers","","Merge new/1-trip","NO"
"19370","Used 40-foot High Cube Shipping Container W&amp;WT/CW","Used Shipping Containers | Wind & Watertight-Cargo Worthy","2","Wind & Watertight-Cargo Worthy","Wind & Watertight-Cargo Worthy","Used Shipping Containers","Pick one used-type category","YES"
"19371","Shipping Container Easy Open Door Handle","Parts | Parts & Accessories","2","Container Accessories","Container Accessories | Parts & Accessories","Parts","Merge Parts + Parts & Accessories","YES"
"19372","Shipping Container Vent with Bug Screen","Parts | Parts & Accessories","2","Container Accessories","Container Accessories | Parts & Accessories","Parts","Merge Parts + Parts & Accessories","YES"
"19373","SHIPPING CONTAINER CANOPY 40'","Modified Shipping Containers | Shipping Container Canopy Structures","2","Modified Shipping Containers","Modified Shipping Containers","Shipping Container Canopy Structures","Merge Modified Containers","YES"
"19404","Shipping Container Shelving Bracket, 3 Levels, 24""","Parts | Parts & Accessories","2","Container Accessories","Container Accessories | Parts & Accessories","Parts","Merge Parts + Parts & Accessories","YES"
"19405","SKYLIGHT","Parts | Parts & Accessories","2","Container Accessories","Container Accessories | Parts & Accessories","Parts","Merge Parts + Parts & Accessories","YES"
"19406","Solar Powered Shipping Container Roof Ventilation Fan","Parts | Parts & Accessories","2","Container Accessories","Container Accessories | Parts & Accessories","Parts","Merge Parts + Parts & Accessories","YES"
"19407","45-foot Shipping Container | W&amp;WT-CW","Wind & Watertight-Cargo Worthy","1","Wind & Watertight-Cargo Worthy","Wind & Watertight-Cargo Worthy","","Pick one used-type category","NO"
"19432","10’ Refurbished Shipping Container","Refurbished Shipping Containers","1","Refurbished Shipping Containers","Refurbished Shipping Containers","","Pick one used-type category","NO"
"19433","1-Trip 40-foot Shipping Container with Roll-Up Door","1-Trip Shipping Containers | Modified Shipping Containers","2","Modified Shipping Containers","Modified Shipping Containers","1-Trip Shipping Containers","Merge Modified Containers","YES"
"19434","20-foot High Cube Shipping Container Office 1-Trip","1-Trip Shipping Containers | Modified Shipping Containers | Shipping Container Offices","3","Shipping Container Offices","Shipping Container Offices | Container Home Office","1-Trip Shipping Containers | Modified Shipping Containers","Merge office categories","YES"
"19435","20-foot Shipping Container Office","Modified Shipping Containers | Shipping Container Offices","2","Shipping Container Offices","Shipping Container Offices | Container Home Office","Modified Shipping Containers","Merge office categories","YES"
"19465","20-foot Shipping Container with Roll-Up Door","Modified Shipping Containers","1","Modified Shipping Containers","Modified Shipping Containers","","Merge Modified Containers","NO"
"19466","20-foot Shipping Container with Roll-Up Door Grey RAL 7015","Modified Shipping Containers","1","Modified Shipping Containers","Modified Shipping Containers","","Merge Modified Containers","NO"
"19467","20-foot Double Door Shipping Container","1-Trip Shipping Containers","1","1-Trip Shipping Containers","1-Trip Shipping Containers | New Containers","","Merge new/1-trip","NO"
"19468","20’ Shipping Container with Dual Roll-Up Doors","Modified Shipping Containers","1","Modified Shipping Containers","Modified Shipping Containers","","Merge Modified Containers","NO"
"19503","40x20 Shipping Container Canopy Structure","Modified Shipping Containers | Shipping Container Canopy Structures","2","Modified Shipping Containers","Modified Shipping Containers","Shipping Container Canopy Structures","Merge Modified Containers","YES"
"19504","40-foot Firework Stand","Modified Shipping Containers | Shipping Container Firework Stands","2","Modified Shipping Containers","Modified Shipping Containers","Shipping Container Firework Stands","Merge Modified Containers","YES"
"19505","1 Trip High Cube 40-foot Shipping Container for sale","1-Trip Shipping Containers","1","1-Trip Shipping Containers","1-Trip Shipping Containers | New Containers","","Merge new/1-trip","NO"
"19506","Black 40-foot Shipping Container with Three Roll-Up Doors","Modified Shipping Containers","1","Modified Shipping Containers","Modified Shipping Containers","","Merge Modified Containers","NO"
"19535","10-foot High Cube Shipping Container Refurbished","Refurbished Shipping Containers","1","Refurbished Shipping Containers","Refurbished Shipping Containers","","Pick one used-type category","NO"
"19536","Used 10-foot Refurbished Shipping Container with Roll-Up Door RAL 1015","Modified Shipping Containers | Refurbished Shipping Containers | Wind & Watertight-Cargo Worthy","3","Modified Shipping Containers","Modified Shipping Containers","Refurbished Shipping Containers | Wind & Watertight-Cargo Worthy","Merge Modified Containers","YES"
"19537","Used 20-foot Shipping Container | Entry Door","Modified Shipping Containers | Wind & Watertight-Cargo Worthy","2","Modified Shipping Containers","Modified Shipping Containers","Wind & Watertight-Cargo Worthy","Merge Modified Containers","YES"
"19538","Used 20-foot Shipping Container | W&amp;WT-CW","Used Shipping Containers | Wind & Watertight-Cargo Worthy","2","Wind & Watertight-Cargo Worthy","Wind & Watertight-Cargo Worthy","Used Shipping Containers","Pick one used-type category","YES"
"19558","Used 40-foot Shipping Container | Entry Door","Modified Shipping Containers | Wind & Watertight-Cargo Worthy","2","Modified Shipping Containers","Modified Shipping Containers","Wind & Watertight-Cargo Worthy","Merge Modified Containers","YES"
"19559","Used 45-foot Shipping Container | Refurbished","Refurbished Shipping Containers | Wind & Watertight-Cargo Worthy","2","Refurbished Shipping Containers","Refurbished Shipping Containers","Wind & Watertight-Cargo Worthy","Pick one used-type category","YES"
"19560","20ft Trip Shipping Containers for Sale","1-Trip Shipping Containers | New Shipping Containers","2","1-Trip Shipping Containers","1-Trip Shipping Containers | New Containers","New Shipping Containers","Merge new/1-trip","YES"
"19592","Used 40ft Shipping Containers for sale","1-Trip Shipping Containers | New Shipping Containers","2","1-Trip Shipping Containers","1-Trip Shipping Containers | New Containers","New Shipping Containers","Merge new/1-trip","YES"
"19593","40ft High Cube Shipping Container","1-Trip Shipping Containers | New Shipping Containers","2","1-Trip Shipping Containers","1-Trip Shipping Containers | New Containers","New Shipping Containers","Merge new/1-trip","YES"
"19594","Used 40-foot Shipping Container | W&amp;WT-CW","Used Shipping Containers | Wind & Watertight-Cargo Worthy","2","Wind & Watertight-Cargo Worthy","Wind & Watertight-Cargo Worthy","Used Shipping Containers","Pick one used-type category","YES"
